Package,Version,URL,Status,Bloom Log,Build Log,Deb File,Installed Files
setup_files,0-2025.03.31.08.51,https://github.com/v4hn/setup_files/tree/main,success,setup_files_0-2025.03.31.08.51-bloom_generate.log,ros-one-setup-files_0-2025.03.31.08.51_arm64-2025-03-31T08:51:38Z.build,ros-one-setup-files_0-2025.03.31.08.51_arm64.deb,ros-one-setup-files_0-2025.03.31.08.51_arm64.files
ros_environment,1.3.2-5-g2686e94-2025.03.31.08.52,https://github.com/ros-o/ros_environment/tree/debian,success,ros_environment_1.3.2-5-g2686e94-2025.03.31.08.52-bloom_generate.log,ros-one-ros-environment_1.3.2-5-g2686e94-2025.03.31.08.52_arm64-2025-03-31T08:52:11Z.build,ros-one-ros-environment_1.3.2-5-g2686e94-2025.03.31.08.52_arm64.deb,ros-one-ros-environment_1.3.2-5-g2686e94-2025.03.31.08.52_arm64.files
cpp_common,0.7.3-3-gcae00b4-2025.03.31.08.56,https://github.com/ros-o/roscpp_core/tree/obese-devel,success,cpp_common_0.7.3-3-gcae00b4-2025.03.31.08.56-bloom_generate.log,ros-one-cpp-common_0.7.3-3-gcae00b4-2025.03.31.08.56_arm64-2025-03-31T08:56:20Z.build,ros-one-cpp-common_0.7.3-3-gcae00b4-2025.03.31.08.56_arm64.deb,ros-one-cpp-common_0.7.3-3-gcae00b4-2025.03.31.08.56_arm64.files
roscpp_core,0.7.3-3-gcae00b4-2025.03.31.08.57,https://github.com/ros-o/roscpp_core/tree/obese-devel,success,roscpp_core_0.7.3-3-gcae00b4-2025.03.31.08.57-bloom_generate.log,ros-one-roscpp-core_0.7.3-3-gcae00b4-2025.03.31.08.57_arm64-2025-03-31T08:57:22Z.build,ros-one-roscpp-core_0.7.3-3-gcae00b4-2025.03.31.08.57_arm64.deb,ros-one-roscpp-core_0.7.3-3-gcae00b4-2025.03.31.08.57_arm64.files
roscpp_traits,0.7.3-3-gcae00b4-2025.03.31.08.58,https://github.com/ros-o/roscpp_core/tree/obese-devel,success,roscpp_traits_0.7.3-3-gcae00b4-2025.03.31.08.58-bloom_generate.log,ros-one-roscpp-traits_0.7.3-3-gcae00b4-2025.03.31.08.58_arm64-2025-03-31T08:58:13Z.build,ros-one-roscpp-traits_0.7.3-3-gcae00b4-2025.03.31.08.58_arm64.deb,ros-one-roscpp-traits_0.7.3-3-gcae00b4-2025.03.31.08.58_arm64.files
rostime,0.7.3-3-gcae00b4-2025.03.31.08.59,https://github.com/ros-o/roscpp_core/tree/obese-devel,success,rostime_0.7.3-3-gcae00b4-2025.03.31.08.59-bloom_generate.log,ros-one-rostime_0.7.3-3-gcae00b4-2025.03.31.08.59_arm64-2025-03-31T08:59:04Z.build,ros-one-rostime_0.7.3-3-gcae00b4-2025.03.31.08.59_arm64.deb,ros-one-rostime_0.7.3-3-gcae00b4-2025.03.31.08.59_arm64.files
roscpp_serialization,0.7.3-3-gcae00b4-2025.03.31.09.00,https://github.com/ros-o/roscpp_core/tree/obese-devel,success,roscpp_serialization_0.7.3-3-gcae00b4-2025.03.31.09.00-bloom_generate.log,ros-one-roscpp-serialization_0.7.3-3-gcae00b4-2025.03.31.09.00_arm64-2025-03-31T09:00:04Z.build,ros-one-roscpp-serialization_0.7.3-3-gcae00b4-2025.03.31.09.00_arm64.deb,ros-one-roscpp-serialization_0.7.3-3-gcae00b4-2025.03.31.09.00_arm64.files
cmake_modules,0.5.0-3-g05347c1-2025.03.31.08.56,https://github.com/ros/cmake_modules/tree/0.5-devel,success,cmake_modules_0.5.0-3-g05347c1-2025.03.31.08.56-bloom_generate.log,ros-one-cmake-modules_0.5.0-3-g05347c1-2025.03.31.08.56_arm64-2025-03-31T08:56:20Z.build,ros-one-cmake-modules_0.5.0-3-g05347c1-2025.03.31.08.56_arm64.deb,ros-one-cmake-modules_0.5.0-3-g05347c1-2025.03.31.08.56_arm64.files
genmsg,0.5.16-1-g7d8b6ce-2025.03.31.08.57,https://github.com/ros/genmsg/tree/kinetic-devel,success,genmsg_0.5.16-1-g7d8b6ce-2025.03.31.08.57-bloom_generate.log,ros-one-genmsg_0.5.16-1-g7d8b6ce-2025.03.31.08.57_arm64-2025-03-31T08:57:10Z.build,ros-one-genmsg_0.5.16-1-g7d8b6ce-2025.03.31.08.57_arm64.deb,ros-one-genmsg_0.5.16-1-g7d8b6ce-2025.03.31.08.57_arm64.files
roslint,0.12.0-4-gac02636-2025.03.31.08.58,https://github.com/ros/roslint/tree/master,success,roslint_0.12.0-4-gac02636-2025.03.31.08.58-bloom_generate.log,ros-one-roslint_0.12.0-4-gac02636-2025.03.31.08.58_arm64-2025-03-31T08:58:02Z.build,ros-one-roslint_0.12.0-4-gac02636-2025.03.31.08.58_arm64.deb,ros-one-roslint_0.12.0-4-gac02636-2025.03.31.08.58_arm64.files
geneus,3.0.0-2025.03.31.09.04,https://github.com/jsk-ros-pkg/geneus/tree/master,success,geneus_3.0.0-2025.03.31.09.04-bloom_generate.log,ros-one-geneus_3.0.0-2025.03.31.09.04_arm64-2025-03-31T09:04:50Z.build,ros-one-geneus_3.0.0-2025.03.31.09.04_arm64.deb,ros-one-geneus_3.0.0-2025.03.31.09.04_arm64.files
rospack,2.6.2-2-gad85a87-2025.03.31.09.04,https://github.com/ros/rospack/tree/noetic-devel,success,rospack_2.6.2-2-gad85a87-2025.03.31.09.04-bloom_generate.log,ros-one-rospack_2.6.2-2-gad85a87-2025.03.31.09.04_arm64-2025-03-31T09:04:41Z.build,ros-one-rospack_2.6.2-2-gad85a87-2025.03.31.09.04_arm64.deb,ros-one-rospack_2.6.2-2-gad85a87-2025.03.31.09.04_arm64.files
class_loader,0.5.0-6-g9f3288d-2025.03.31.09.04,https://github.com/ros/class_loader/tree/noetic-devel,success,class_loader_0.5.0-6-g9f3288d-2025.03.31.09.04-bloom_generate.log,ros-one-class-loader_0.5.0-6-g9f3288d-2025.03.31.09.04_arm64-2025-03-31T09:04:27Z.build,ros-one-class-loader_0.5.0-6-g9f3288d-2025.03.31.09.04_arm64.deb,ros-one-class-loader_0.5.0-6-g9f3288d-2025.03.31.09.04_arm64.files
genpy,0.6.16-6-gf70658f-2025.03.31.09.04,https://github.com/ros/genpy/tree/main,success,genpy_0.6.16-6-gf70658f-2025.03.31.09.04-bloom_generate.log,ros-one-genpy_0.6.16-6-gf70658f-2025.03.31.09.04_arm64-2025-03-31T09:04:49Z.build,ros-one-genpy_0.6.16-6-gf70658f-2025.03.31.09.04_arm64.deb,ros-one-genpy_0.6.16-6-gf70658f-2025.03.31.09.04_arm64.files
gennodejs,2.0.1-8-g19d224c-2025.03.31.09.05,https://github.com/RethinkRobotics-opensource/gennodejs/tree/kinetic-devel,success,gennodejs_2.0.1-8-g19d224c-2025.03.31.09.05-bloom_generate.log,ros-one-gennodejs_2.0.1-8-g19d224c-2025.03.31.09.05_arm64-2025-03-31T09:05:11Z.build,ros-one-gennodejs_2.0.1-8-g19d224c-2025.03.31.09.05_arm64.deb,ros-one-gennodejs_2.0.1-8-g19d224c-2025.03.31.09.05_arm64.files
gencpp,0-2025.03.31.09.04,https://github.com/ros-o/gencpp/tree/obese-devel,success,gencpp_0-2025.03.31.09.04-bloom_generate.log,ros-one-gencpp_0-2025.03.31.09.04_arm64-2025-03-31T09:04:29Z.build,ros-one-gencpp_0-2025.03.31.09.04_arm64.deb,ros-one-gencpp_0-2025.03.31.09.04_arm64.files
genlisp,0.4.18-2025.03.31.09.04,https://github.com/ros/genlisp/tree/kinetic-devel,success,genlisp_0.4.18-2025.03.31.09.04-bloom_generate.log,ros-one-genlisp_0.4.18-2025.03.31.09.04_arm64-2025-03-31T09:04:46Z.build,ros-one-genlisp_0.4.18-2025.03.31.09.04_arm64.deb,ros-one-genlisp_0.4.18-2025.03.31.09.04_arm64.files
message_generation,0.4.1-2025.03.31.09.10,https://github.com/ros/message_generation/tree/kinetic-devel,success,message_generation_0.4.1-2025.03.31.09.10-bloom_generate.log,ros-one-message-generation_0.4.1-2025.03.31.09.10_arm64-2025-03-31T09:10:29Z.build,ros-one-message-generation_0.4.1-2025.03.31.09.10_arm64.deb,ros-one-message-generation_0.4.1-2025.03.31.09.10_arm64.files
message_runtime,0.4.13-2025.03.31.09.10,https://github.com/ros/message_runtime/tree/kinetic-devel,success,message_runtime_0.4.13-2025.03.31.09.10-bloom_generate.log,ros-one-message-runtime_0.4.13-2025.03.31.09.10_arm64-2025-03-31T09:10:29Z.build,ros-one-message-runtime_0.4.13-2025.03.31.09.10_arm64.deb,ros-one-message-runtime_0.4.13-2025.03.31.09.10_arm64.files
mk,1.15.8-3-g136e18e9-2025.03.31.09.14,https://github.com/ros/ros/tree/noetic-devel,success,mk_1.15.8-3-g136e18e9-2025.03.31.09.14-bloom_generate.log,ros-one-mk_1.15.8-3-g136e18e9-2025.03.31.09.14_arm64-2025-03-31T09:14:22Z.build,ros-one-mk_1.15.8-3-g136e18e9-2025.03.31.09.14_arm64.deb,ros-one-mk_1.15.8-3-g136e18e9-2025.03.31.09.14_arm64.files
ros,1.15.8-3-g136e18e9-2025.03.31.09.15,https://github.com/ros/ros/tree/noetic-devel,success,ros_1.15.8-3-g136e18e9-2025.03.31.09.15-bloom_generate.log,ros-one-ros_1.15.8-3-g136e18e9-2025.03.31.09.15_arm64-2025-03-31T09:15:05Z.build,ros-one-ros_1.15.8-3-g136e18e9-2025.03.31.09.15_arm64.deb,ros-one-ros_1.15.8-3-g136e18e9-2025.03.31.09.15_arm64.files
rosbash,1.15.8-3-g136e18e9-2025.03.31.09.15,https://github.com/ros/ros/tree/noetic-devel,success,rosbash_1.15.8-3-g136e18e9-2025.03.31.09.15-bloom_generate.log,ros-one-rosbash_1.15.8-3-g136e18e9-2025.03.31.09.15_arm64-2025-03-31T09:15:49Z.build,ros-one-rosbash_1.15.8-3-g136e18e9-2025.03.31.09.15_arm64.deb,ros-one-rosbash_1.15.8-3-g136e18e9-2025.03.31.09.15_arm64.files
rosboost_cfg,1.15.8-3-g136e18e9-2025.03.31.09.16,https://github.com/ros/ros/tree/noetic-devel,success,rosboost_cfg_1.15.8-3-g136e18e9-2025.03.31.09.16-bloom_generate.log,ros-one-rosboost-cfg_1.15.8-3-g136e18e9-2025.03.31.09.16_arm64-2025-03-31T09:16:33Z.build,ros-one-rosboost-cfg_1.15.8-3-g136e18e9-2025.03.31.09.16_arm64.deb,ros-one-rosboost-cfg_1.15.8-3-g136e18e9-2025.03.31.09.16_arm64.files
rosbuild,1.15.8-3-g136e18e9-2025.03.31.09.17,https://github.com/ros/ros/tree/noetic-devel,success,rosbuild_1.15.8-3-g136e18e9-2025.03.31.09.17-bloom_generate.log,ros-one-rosbuild_1.15.8-3-g136e18e9-2025.03.31.09.17_arm64-2025-03-31T09:17:16Z.build,ros-one-rosbuild_1.15.8-3-g136e18e9-2025.03.31.09.17_arm64.deb,ros-one-rosbuild_1.15.8-3-g136e18e9-2025.03.31.09.17_arm64.files
rosclean,1.15.8-3-g136e18e9-2025.03.31.09.18,https://github.com/ros/ros/tree/noetic-devel,success,rosclean_1.15.8-3-g136e18e9-2025.03.31.09.18-bloom_generate.log,ros-one-rosclean_1.15.8-3-g136e18e9-2025.03.31.09.18_arm64-2025-03-31T09:18:03Z.build,ros-one-rosclean_1.15.8-3-g136e18e9-2025.03.31.09.18_arm64.deb,ros-one-rosclean_1.15.8-3-g136e18e9-2025.03.31.09.18_arm64.files
roscreate,1.15.8-3-g136e18e9-2025.03.31.09.18,https://github.com/ros/ros/tree/noetic-devel,success,roscreate_1.15.8-3-g136e18e9-2025.03.31.09.18-bloom_generate.log,ros-one-roscreate_1.15.8-3-g136e18e9-2025.03.31.09.18_arm64-2025-03-31T09:18:50Z.build,ros-one-roscreate_1.15.8-3-g136e18e9-2025.03.31.09.18_arm64.deb,ros-one-roscreate_1.15.8-3-g136e18e9-2025.03.31.09.18_arm64.files
roslang,1.15.8-3-g136e18e9-2025.03.31.09.19,https://github.com/ros/ros/tree/noetic-devel,success,roslang_1.15.8-3-g136e18e9-2025.03.31.09.19-bloom_generate.log,ros-one-roslang_1.15.8-3-g136e18e9-2025.03.31.09.19_arm64-2025-03-31T09:19:35Z.build,ros-one-roslang_1.15.8-3-g136e18e9-2025.03.31.09.19_arm64.deb,ros-one-roslang_1.15.8-3-g136e18e9-2025.03.31.09.19_arm64.files
rosmake,1.15.8-3-g136e18e9-2025.03.31.09.20,https://github.com/ros/ros/tree/noetic-devel,success,rosmake_1.15.8-3-g136e18e9-2025.03.31.09.20-bloom_generate.log,ros-one-rosmake_1.15.8-3-g136e18e9-2025.03.31.09.20_arm64-2025-03-31T09:20:21Z.build,ros-one-rosmake_1.15.8-3-g136e18e9-2025.03.31.09.20_arm64.deb,ros-one-rosmake_1.15.8-3-g136e18e9-2025.03.31.09.20_arm64.files
roslib,1.15.8-3-g136e18e9-2025.03.31.09.21,https://github.com/ros/ros/tree/noetic-devel,success,roslib_1.15.8-3-g136e18e9-2025.03.31.09.21-bloom_generate.log,ros-one-roslib_1.15.8-3-g136e18e9-2025.03.31.09.21_arm64-2025-03-31T09:21:04Z.build,ros-one-roslib_1.15.8-3-g136e18e9-2025.03.31.09.21_arm64.deb,ros-one-roslib_1.15.8-3-g136e18e9-2025.03.31.09.21_arm64.files
rosunit,1.15.8-3-g136e18e9-2025.03.31.09.21,https://github.com/ros/ros/tree/noetic-devel,success,rosunit_1.15.8-3-g136e18e9-2025.03.31.09.21-bloom_generate.log,ros-one-rosunit_1.15.8-3-g136e18e9-2025.03.31.09.21_arm64-2025-03-31T09:22:00Z.build,ros-one-rosunit_1.15.8-3-g136e18e9-2025.03.31.09.21_arm64.deb,ros-one-rosunit_1.15.8-3-g136e18e9-2025.03.31.09.21_arm64.files
std_msgs,0.5.13-1-gf3554d4-2025.03.31.09.14,https://github.com/ros/std_msgs/tree/kinetic-devel,success,std_msgs_0.5.13-1-gf3554d4-2025.03.31.09.14-bloom_generate.log,ros-one-std-msgs_0.5.13-1-gf3554d4-2025.03.31.09.14_arm64-2025-03-31T09:14:34Z.build,ros-one-std-msgs_0.5.13-1-gf3554d4-2025.03.31.09.14_arm64.deb,ros-one-std-msgs_0.5.13-1-gf3554d4-2025.03.31.09.14_arm64.files
rosgraph_msgs,1.11.3-1-gf51a0429-2025.03.31.09.26,https://github.com/ros/ros_comm_msgs/tree/kinetic-devel,success,rosgraph_msgs_1.11.3-1-gf51a0429-2025.03.31.09.26-bloom_generate.log,ros-one-rosgraph-msgs_1.11.3-1-gf51a0429-2025.03.31.09.26_arm64-2025-03-31T09:26:56Z.build,ros-one-rosgraph-msgs_1.11.3-1-gf51a0429-2025.03.31.09.26_arm64.deb,ros-one-rosgraph-msgs_1.11.3-1-gf51a0429-2025.03.31.09.26_arm64.files
std_srvs,1.11.3-1-gf51a0429-2025.03.31.09.28,https://github.com/ros/ros_comm_msgs/tree/kinetic-devel,success,std_srvs_1.11.3-1-gf51a0429-2025.03.31.09.28-bloom_generate.log,ros-one-std-srvs_1.11.3-1-gf51a0429-2025.03.31.09.28_arm64-2025-03-31T09:28:07Z.build,ros-one-std-srvs_1.11.3-1-gf51a0429-2025.03.31.09.28_arm64.deb,ros-one-std-srvs_1.11.3-1-gf51a0429-2025.03.31.09.28_arm64.files
rosconsole,1.14.3-5-ge3753eec-2025.03.31.09.26,https://github.com/ros-o/rosconsole/tree/obese-devel,success,rosconsole_1.14.3-5-ge3753eec-2025.03.31.09.26-bloom_generate.log,ros-one-rosconsole_1.14.3-5-ge3753eec-2025.03.31.09.26_arm64-2025-03-31T09:27:01Z.build,ros-one-rosconsole_1.14.3-5-ge3753eec-2025.03.31.09.26_arm64.deb,ros-one-rosconsole_1.14.3-5-ge3753eec-2025.03.31.09.26_arm64.files
roslisp,1.9.25-2025.03.31.09.33,https://github.com/ros/roslisp/tree/master,success,roslisp_1.9.25-2025.03.31.09.33-bloom_generate.log,ros-one-roslisp_1.9.25-2025.03.31.09.33_arm64-2025-03-31T09:34:03Z.build,ros-one-roslisp_1.9.25-2025.03.31.09.33_arm64.deb,ros-one-roslisp_1.9.25-2025.03.31.09.33_arm64.files
pluginlib,1.13.0-2-g51a2cb0-2025.03.31.09.32,https://github.com/ros-o/pluginlib/tree/obese-devel,success,pluginlib_1.13.0-2-g51a2cb0-2025.03.31.09.32-bloom_generate.log,ros-one-pluginlib_1.13.0-2-g51a2cb0-2025.03.31.09.32_arm64-2025-03-31T09:32:19Z.build,ros-one-pluginlib_1.13.0-2-g51a2cb0-2025.03.31.09.32_arm64.deb,ros-one-pluginlib_1.13.0-2-g51a2cb0-2025.03.31.09.32_arm64.files
actionlib_msgs,1.13.1-2025.03.31.09.39,https://github.com/ros/common_msgs/tree/noetic-devel,success,actionlib_msgs_1.13.1-2025.03.31.09.39-bloom_generate.log,ros-one-actionlib-msgs_1.13.1-2025.03.31.09.39_arm64-2025-03-31T09:39:28Z.build,ros-one-actionlib-msgs_1.13.1-2025.03.31.09.39_arm64.deb,ros-one-actionlib-msgs_1.13.1-2025.03.31.09.39_arm64.files
common_msgs,1.13.1-2025.03.31.09.40,https://github.com/ros/common_msgs/tree/noetic-devel,success,common_msgs_1.13.1-2025.03.31.09.40-bloom_generate.log,ros-one-common-msgs_1.13.1-2025.03.31.09.40_arm64-2025-03-31T09:40:45Z.build,ros-one-common-msgs_1.13.1-2025.03.31.09.40_arm64.deb,ros-one-common-msgs_1.13.1-2025.03.31.09.40_arm64.files
diagnostic_msgs,1.13.1-2025.03.31.09.41,https://github.com/ros/common_msgs/tree/noetic-devel,success,diagnostic_msgs_1.13.1-2025.03.31.09.41-bloom_generate.log,ros-one-diagnostic-msgs_1.13.1-2025.03.31.09.41_arm64-2025-03-31T09:41:39Z.build,ros-one-diagnostic-msgs_1.13.1-2025.03.31.09.41_arm64.deb,ros-one-diagnostic-msgs_1.13.1-2025.03.31.09.41_arm64.files
geometry_msgs,1.13.1-2025.03.31.09.42,https://github.com/ros/common_msgs/tree/noetic-devel,success,geometry_msgs_1.13.1-2025.03.31.09.42-bloom_generate.log,ros-one-geometry-msgs_1.13.1-2025.03.31.09.42_arm64-2025-03-31T09:42:51Z.build,ros-one-geometry-msgs_1.13.1-2025.03.31.09.42_arm64.deb,ros-one-geometry-msgs_1.13.1-2025.03.31.09.42_arm64.files
nav_msgs,1.13.1-2025.03.31.09.44,https://github.com/ros/common_msgs/tree/noetic-devel,success,nav_msgs_1.13.1-2025.03.31.09.44-bloom_generate.log,ros-one-nav-msgs_1.13.1-2025.03.31.09.44_arm64-2025-03-31T09:44:03Z.build,ros-one-nav-msgs_1.13.1-2025.03.31.09.44_arm64.deb,ros-one-nav-msgs_1.13.1-2025.03.31.09.44_arm64.files
ros_comm,1.17.0-12-g2a12474fb-2025.03.31.09.45,https://github.com/ros-o/ros_comm/tree/obese-devel,success,ros_comm_1.17.0-12-g2a12474fb-2025.03.31.09.45-bloom_generate.log,ros-one-ros-comm_1.17.0-12-g2a12474fb-2025.03.31.09.45_arm64-2025-03-31T09:45:09Z.build,ros-one-ros-comm_1.17.0-12-g2a12474fb-2025.03.31.09.45_arm64.deb,ros-one-ros-comm_1.17.0-12-g2a12474fb-2025.03.31.09.45_arm64.files
rosgraph,1.17.0-12-g2a12474fb-2025.03.31.09.45,https://github.com/ros-o/ros_comm/tree/obese-devel,success,rosgraph_1.17.0-12-g2a12474fb-2025.03.31.09.45-bloom_generate.log,ros-one-rosgraph_1.17.0-12-g2a12474fb-2025.03.31.09.45_arm64-2025-03-31T09:45:59Z.build,ros-one-rosgraph_1.17.0-12-g2a12474fb-2025.03.31.09.45_arm64.deb,ros-one-rosgraph_1.17.0-12-g2a12474fb-2025.03.31.09.45_arm64.files
roslaunch,1.17.0-12-g2a12474fb-2025.03.31.09.46,https://github.com/ros-o/ros_comm/tree/obese-devel,success,roslaunch_1.17.0-12-g2a12474fb-2025.03.31.09.46-bloom_generate.log,ros-one-roslaunch_1.17.0-12-g2a12474fb-2025.03.31.09.46_arm64-2025-03-31T09:46:55Z.build,ros-one-roslaunch_1.17.0-12-g2a12474fb-2025.03.31.09.46_arm64.deb,ros-one-roslaunch_1.17.0-12-g2a12474fb-2025.03.31.09.46_arm64.files
roslz4,1.17.0-12-g2a12474fb-2025.03.31.09.47,https://github.com/ros-o/ros_comm/tree/obese-devel,success,roslz4_1.17.0-12-g2a12474fb-2025.03.31.09.47-bloom_generate.log,ros-one-roslz4_1.17.0-12-g2a12474fb-2025.03.31.09.47_arm64-2025-03-31T09:47:47Z.build,ros-one-roslz4_1.17.0-12-g2a12474fb-2025.03.31.09.47_arm64.deb,ros-one-roslz4_1.17.0-12-g2a12474fb-2025.03.31.09.47_arm64.files
rosmaster,1.17.0-12-g2a12474fb-2025.03.31.09.48,https://github.com/ros-o/ros_comm/tree/obese-devel,success,rosmaster_1.17.0-12-g2a12474fb-2025.03.31.09.48-bloom_generate.log,ros-one-rosmaster_1.17.0-12-g2a12474fb-2025.03.31.09.48_arm64-2025-03-31T09:48:48Z.build,ros-one-rosmaster_1.17.0-12-g2a12474fb-2025.03.31.09.48_arm64.deb,ros-one-rosmaster_1.17.0-12-g2a12474fb-2025.03.31.09.48_arm64.files
rosparam,1.17.0-12-g2a12474fb-2025.03.31.09.49,https://github.com/ros-o/ros_comm/tree/obese-devel,success,rosparam_1.17.0-12-g2a12474fb-2025.03.31.09.49-bloom_generate.log,ros-one-rosparam_1.17.0-12-g2a12474fb-2025.03.31.09.49_arm64-2025-03-31T09:49:38Z.build,ros-one-rosparam_1.17.0-12-g2a12474fb-2025.03.31.09.49_arm64.deb,ros-one-rosparam_1.17.0-12-g2a12474fb-2025.03.31.09.49_arm64.files
rospy,1.17.0-12-g2a12474fb-2025.03.31.09.50,https://github.com/ros-o/ros_comm/tree/obese-devel,success,rospy_1.17.0-12-g2a12474fb-2025.03.31.09.50-bloom_generate.log,ros-one-rospy_1.17.0-12-g2a12474fb-2025.03.31.09.50_arm64-2025-03-31T09:50:28Z.build,ros-one-rospy_1.17.0-12-g2a12474fb-2025.03.31.09.50_arm64.deb,ros-one-rospy_1.17.0-12-g2a12474fb-2025.03.31.09.50_arm64.files
rosservice,1.17.0-12-g2a12474fb-2025.03.31.09.51,https://github.com/ros-o/ros_comm/tree/obese-devel,success,rosservice_1.17.0-12-g2a12474fb-2025.03.31.09.51-bloom_generate.log,ros-one-rosservice_1.17.0-12-g2a12474fb-2025.03.31.09.51_arm64-2025-03-31T09:51:20Z.build,ros-one-rosservice_1.17.0-12-g2a12474fb-2025.03.31.09.51_arm64.deb,ros-one-rosservice_1.17.0-12-g2a12474fb-2025.03.31.09.51_arm64.files
rostest,1.17.0-12-g2a12474fb-2025.03.31.09.52,https://github.com/ros-o/ros_comm/tree/obese-devel,success,rostest_1.17.0-12-g2a12474fb-2025.03.31.09.52-bloom_generate.log,ros-one-rostest_1.17.0-12-g2a12474fb-2025.03.31.09.52_arm64-2025-03-31T09:52:16Z.build,ros-one-rostest_1.17.0-12-g2a12474fb-2025.03.31.09.52_arm64.deb,ros-one-rostest_1.17.0-12-g2a12474fb-2025.03.31.09.52_arm64.files
shape_msgs,1.13.1-2025.03.31.09.53,https://github.com/ros/common_msgs/tree/noetic-devel,success,shape_msgs_1.13.1-2025.03.31.09.53-bloom_generate.log,ros-one-shape-msgs_1.13.1-2025.03.31.09.53_arm64-2025-03-31T09:53:16Z.build,ros-one-shape-msgs_1.13.1-2025.03.31.09.53_arm64.deb,ros-one-shape-msgs_1.13.1-2025.03.31.09.53_arm64.files
test_roslib_comm,1.17.0-12-g2a12474fb-2025.03.31.09.54,https://github.com/ros-o/ros_comm/tree/obese-devel,success,test_roslib_comm_1.17.0-12-g2a12474fb-2025.03.31.09.54-bloom_generate.log,ros-one-test-roslib-comm_1.17.0-12-g2a12474fb-2025.03.31.09.54_arm64-2025-03-31T09:54:19Z.build,ros-one-test-roslib-comm_1.17.0-12-g2a12474fb-2025.03.31.09.54_arm64.deb,ros-one-test-roslib-comm_1.17.0-12-g2a12474fb-2025.03.31.09.54_arm64.files
trajectory_msgs,1.13.1-2025.03.31.09.55,https://github.com/ros/common_msgs/tree/noetic-devel,success,trajectory_msgs_1.13.1-2025.03.31.09.55-bloom_generate.log,ros-one-trajectory-msgs_1.13.1-2025.03.31.09.55_arm64-2025-03-31T09:55:24Z.build,ros-one-trajectory-msgs_1.13.1-2025.03.31.09.55_arm64.deb,ros-one-trajectory-msgs_1.13.1-2025.03.31.09.55_arm64.files
visualization_msgs,1.13.1-2025.03.31.09.56,https://github.com/ros/common_msgs/tree/noetic-devel,success,visualization_msgs_1.13.1-2025.03.31.09.56-bloom_generate.log,ros-one-visualization-msgs_1.13.1-2025.03.31.09.56_arm64-2025-03-31T09:56:24Z.build,ros-one-visualization-msgs_1.13.1-2025.03.31.09.56_arm64.deb,ros-one-visualization-msgs_1.13.1-2025.03.31.09.56_arm64.files
xmlrpcpp,1.17.0-12-g2a12474fb-2025.03.31.09.57,https://github.com/ros-o/ros_comm/tree/obese-devel,success,xmlrpcpp_1.17.0-12-g2a12474fb-2025.03.31.09.57-bloom_generate.log,ros-one-xmlrpcpp_1.17.0-12-g2a12474fb-2025.03.31.09.57_arm64-2025-03-31T09:57:25Z.build,ros-one-xmlrpcpp_1.17.0-12-g2a12474fb-2025.03.31.09.57_arm64.deb,ros-one-xmlrpcpp_1.17.0-12-g2a12474fb-2025.03.31.09.57_arm64.files
roscpp,1.17.0-12-g2a12474fb-2025.03.31.09.58,https://github.com/ros-o/ros_comm/tree/obese-devel,success,roscpp_1.17.0-12-g2a12474fb-2025.03.31.09.58-bloom_generate.log,ros-one-roscpp_1.17.0-12-g2a12474fb-2025.03.31.09.58_arm64-2025-03-31T09:58:36Z.build,ros-one-roscpp_1.17.0-12-g2a12474fb-2025.03.31.09.58_arm64.deb,ros-one-roscpp_1.17.0-12-g2a12474fb-2025.03.31.09.58_arm64.files
rosout,1.17.0-12-g2a12474fb-2025.03.31.10.00,https://github.com/ros-o/ros_comm/tree/obese-devel,success,rosout_1.17.0-12-g2a12474fb-2025.03.31.10.00-bloom_generate.log,ros-one-rosout_1.17.0-12-g2a12474fb-2025.03.31.10.00_arm64-2025-03-31T10:00:43Z.build,ros-one-rosout_1.17.0-12-g2a12474fb-2025.03.31.10.00_arm64.deb,ros-one-rosout_1.17.0-12-g2a12474fb-2025.03.31.10.00_arm64.files
message_filters,1.17.0-12-g2a12474fb-2025.03.31.10.02,https://github.com/ros-o/ros_comm/tree/obese-devel,success,message_filters_1.17.0-12-g2a12474fb-2025.03.31.10.02-bloom_generate.log,ros-one-message-filters_1.17.0-12-g2a12474fb-2025.03.31.10.02_arm64-2025-03-31T10:02:12Z.build,ros-one-message-filters_1.17.0-12-g2a12474fb-2025.03.31.10.02_arm64.deb,ros-one-message-filters_1.17.0-12-g2a12474fb-2025.03.31.10.02_arm64.files
rosbag_storage,1.17.0-12-g2a12474fb-2025.03.31.10.03,https://github.com/ros-o/ros_comm/tree/obese-devel,success,rosbag_storage_1.17.0-12-g2a12474fb-2025.03.31.10.03-bloom_generate.log,ros-one-rosbag-storage_1.17.0-12-g2a12474fb-2025.03.31.10.03_arm64-2025-03-31T10:03:55Z.build,ros-one-rosbag-storage_1.17.0-12-g2a12474fb-2025.03.31.10.03_arm64.deb,ros-one-rosbag-storage_1.17.0-12-g2a12474fb-2025.03.31.10.03_arm64.files
rosmsg,1.17.0-12-g2a12474fb-2025.03.31.10.05,https://github.com/ros-o/ros_comm/tree/obese-devel,success,rosmsg_1.17.0-12-g2a12474fb-2025.03.31.10.05-bloom_generate.log,ros-one-rosmsg_1.17.0-12-g2a12474fb-2025.03.31.10.05_arm64-2025-03-31T10:05:47Z.build,ros-one-rosmsg_1.17.0-12-g2a12474fb-2025.03.31.10.05_arm64.deb,ros-one-rosmsg_1.17.0-12-g2a12474fb-2025.03.31.10.05_arm64.files
rosnode,1.17.0-12-g2a12474fb-2025.03.31.10.06,https://github.com/ros-o/ros_comm/tree/obese-devel,success,rosnode_1.17.0-12-g2a12474fb-2025.03.31.10.06-bloom_generate.log,ros-one-rosnode_1.17.0-12-g2a12474fb-2025.03.31.10.06_arm64-2025-03-31T10:06:43Z.build,ros-one-rosnode_1.17.0-12-g2a12474fb-2025.03.31.10.06_arm64.deb,ros-one-rosnode_1.17.0-12-g2a12474fb-2025.03.31.10.06_arm64.files
rostopic,1.17.0-12-g2a12474fb-2025.03.31.10.07,https://github.com/ros-o/ros_comm/tree/obese-devel,success,rostopic_1.17.0-12-g2a12474fb-2025.03.31.10.07-bloom_generate.log,ros-one-rostopic_1.17.0-12-g2a12474fb-2025.03.31.10.07_arm64-2025-03-31T10:07:59Z.build,ros-one-rostopic_1.17.0-12-g2a12474fb-2025.03.31.10.07_arm64.deb,ros-one-rostopic_1.17.0-12-g2a12474fb-2025.03.31.10.07_arm64.files
test_rosbag_storage,1.17.0-12-g2a12474fb-2025.03.31.10.09,https://github.com/ros-o/ros_comm/tree/obese-devel,success,test_rosbag_storage_1.17.0-12-g2a12474fb-2025.03.31.10.09-bloom_generate.log,ros-one-test-rosbag-storage_1.17.0-12-g2a12474fb-2025.03.31.10.09_arm64-2025-03-31T10:09:14Z.build,ros-one-test-rosbag-storage_1.17.0-12-g2a12474fb-2025.03.31.10.09_arm64.deb,ros-one-test-rosbag-storage_1.17.0-12-g2a12474fb-2025.03.31.10.09_arm64.files
test_roscpp,1.17.0-12-g2a12474fb-2025.03.31.10.10,https://github.com/ros-o/ros_comm/tree/obese-devel,success,test_roscpp_1.17.0-12-g2a12474fb-2025.03.31.10.10-bloom_generate.log,ros-one-test-roscpp_1.17.0-12-g2a12474fb-2025.03.31.10.10_arm64-2025-03-31T10:10:34Z.build,ros-one-test-roscpp_1.17.0-12-g2a12474fb-2025.03.31.10.10_arm64.deb,ros-one-test-roscpp_1.17.0-12-g2a12474fb-2025.03.31.10.10_arm64.files
test_rosgraph,1.17.0-12-g2a12474fb-2025.03.31.10.11,https://github.com/ros-o/ros_comm/tree/obese-devel,success,test_rosgraph_1.17.0-12-g2a12474fb-2025.03.31.10.11-bloom_generate.log,ros-one-test-rosgraph_1.17.0-12-g2a12474fb-2025.03.31.10.11_arm64-2025-03-31T10:11:59Z.build,ros-one-test-rosgraph_1.17.0-12-g2a12474fb-2025.03.31.10.11_arm64.deb,ros-one-test-rosgraph_1.17.0-12-g2a12474fb-2025.03.31.10.11_arm64.files
test_roslaunch,1.17.0-12-g2a12474fb-2025.03.31.10.13,https://github.com/ros-o/ros_comm/tree/obese-devel,success,test_roslaunch_1.17.0-12-g2a12474fb-2025.03.31.10.13-bloom_generate.log,ros-one-test-roslaunch_1.17.0-12-g2a12474fb-2025.03.31.10.13_arm64-2025-03-31T10:13:14Z.build,ros-one-test-roslaunch_1.17.0-12-g2a12474fb-2025.03.31.10.13_arm64.deb,ros-one-test-roslaunch_1.17.0-12-g2a12474fb-2025.03.31.10.13_arm64.files
test_rosmaster,1.17.0-12-g2a12474fb-2025.03.31.10.14,https://github.com/ros-o/ros_comm/tree/obese-devel,success,test_rosmaster_1.17.0-12-g2a12474fb-2025.03.31.10.14-bloom_generate.log,ros-one-test-rosmaster_1.17.0-12-g2a12474fb-2025.03.31.10.14_arm64-2025-03-31T10:14:29Z.build,ros-one-test-rosmaster_1.17.0-12-g2a12474fb-2025.03.31.10.14_arm64.deb,ros-one-test-rosmaster_1.17.0-12-g2a12474fb-2025.03.31.10.14_arm64.files
test_rosparam,1.17.0-12-g2a12474fb-2025.03.31.10.15,https://github.com/ros-o/ros_comm/tree/obese-devel,success,test_rosparam_1.17.0-12-g2a12474fb-2025.03.31.10.15-bloom_generate.log,ros-one-test-rosparam_1.17.0-12-g2a12474fb-2025.03.31.10.15_arm64-2025-03-31T10:15:48Z.build,ros-one-test-rosparam_1.17.0-12-g2a12474fb-2025.03.31.10.15_arm64.deb,ros-one-test-rosparam_1.17.0-12-g2a12474fb-2025.03.31.10.15_arm64.files
topic_tools,1.17.0-12-g2a12474fb-2025.03.31.10.17,https://github.com/ros-o/ros_comm/tree/obese-devel,success,topic_tools_1.17.0-12-g2a12474fb-2025.03.31.10.17-bloom_generate.log,ros-one-topic-tools_1.17.0-12-g2a12474fb-2025.03.31.10.17_arm64-2025-03-31T10:17:08Z.build,ros-one-topic-tools_1.17.0-12-g2a12474fb-2025.03.31.10.17_arm64.deb,ros-one-topic-tools_1.17.0-12-g2a12474fb-2025.03.31.10.17_arm64.files
rosbag,1.17.0-12-g2a12474fb-2025.03.31.10.18,https://github.com/ros-o/ros_comm/tree/obese-devel,success,rosbag_1.17.0-12-g2a12474fb-2025.03.31.10.18-bloom_generate.log,ros-one-rosbag_1.17.0-12-g2a12474fb-2025.03.31.10.18_arm64-2025-03-31T10:18:44Z.build,ros-one-rosbag_1.17.0-12-g2a12474fb-2025.03.31.10.18_arm64.deb,ros-one-rosbag_1.17.0-12-g2a12474fb-2025.03.31.10.18_arm64.files
roswtf,1.17.0-12-g2a12474fb-2025.03.31.10.20,https://github.com/ros-o/ros_comm/tree/obese-devel,success,roswtf_1.17.0-12-g2a12474fb-2025.03.31.10.20-bloom_generate.log,ros-one-roswtf_1.17.0-12-g2a12474fb-2025.03.31.10.20_arm64-2025-03-31T10:20:39Z.build,ros-one-roswtf_1.17.0-12-g2a12474fb-2025.03.31.10.20_arm64.deb,ros-one-roswtf_1.17.0-12-g2a12474fb-2025.03.31.10.20_arm64.files
sensor_msgs,1.13.1-2025.03.31.10.21,https://github.com/ros/common_msgs/tree/noetic-devel,success,sensor_msgs_1.13.1-2025.03.31.10.21-bloom_generate.log,ros-one-sensor-msgs_1.13.1-2025.03.31.10.21_arm64-2025-03-31T10:21:55Z.build,ros-one-sensor-msgs_1.13.1-2025.03.31.10.21_arm64.deb,ros-one-sensor-msgs_1.13.1-2025.03.31.10.21_arm64.files
stereo_msgs,1.13.1-2025.03.31.10.23,https://github.com/ros/common_msgs/tree/noetic-devel,success,stereo_msgs_1.13.1-2025.03.31.10.23-bloom_generate.log,ros-one-stereo-msgs_1.13.1-2025.03.31.10.23_arm64-2025-03-31T10:23:08Z.build,ros-one-stereo-msgs_1.13.1-2025.03.31.10.23_arm64.deb,ros-one-stereo-msgs_1.13.1-2025.03.31.10.23_arm64.files
test_rosbag,1.17.0-12-g2a12474fb-2025.03.31.10.24,https://github.com/ros-o/ros_comm/tree/obese-devel,success,test_rosbag_1.17.0-12-g2a12474fb-2025.03.31.10.24-bloom_generate.log,ros-one-test-rosbag_1.17.0-12-g2a12474fb-2025.03.31.10.24_arm64-2025-03-31T10:24:14Z.build,ros-one-test-rosbag_1.17.0-12-g2a12474fb-2025.03.31.10.24_arm64.deb,ros-one-test-rosbag_1.17.0-12-g2a12474fb-2025.03.31.10.24_arm64.files
test_rospy,1.17.0-12-g2a12474fb-2025.03.31.10.26,https://github.com/ros-o/ros_comm/tree/obese-devel,success,test_rospy_1.17.0-12-g2a12474fb-2025.03.31.10.26-bloom_generate.log,ros-one-test-rospy_1.17.0-12-g2a12474fb-2025.03.31.10.26_arm64-2025-03-31T10:26:02Z.build,ros-one-test-rospy_1.17.0-12-g2a12474fb-2025.03.31.10.26_arm64.deb,ros-one-test-rospy_1.17.0-12-g2a12474fb-2025.03.31.10.26_arm64.files
test_rosservice,1.17.0-12-g2a12474fb-2025.03.31.10.27,https://github.com/ros-o/ros_comm/tree/obese-devel,success,test_rosservice_1.17.0-12-g2a12474fb-2025.03.31.10.27-bloom_generate.log,ros-one-test-rosservice_1.17.0-12-g2a12474fb-2025.03.31.10.27_arm64-2025-03-31T10:27:40Z.build,ros-one-test-rosservice_1.17.0-12-g2a12474fb-2025.03.31.10.27_arm64.deb,ros-one-test-rosservice_1.17.0-12-g2a12474fb-2025.03.31.10.27_arm64.files
test_rostest,1.17.0-12-g2a12474fb-2025.03.31.10.28,https://github.com/ros-o/ros_comm/tree/obese-devel,success,test_rostest_1.17.0-12-g2a12474fb-2025.03.31.10.28-bloom_generate.log,ros-one-test-rostest_1.17.0-12-g2a12474fb-2025.03.31.10.28_arm64-2025-03-31T10:28:59Z.build,ros-one-test-rostest_1.17.0-12-g2a12474fb-2025.03.31.10.28_arm64.deb,ros-one-test-rostest_1.17.0-12-g2a12474fb-2025.03.31.10.28_arm64.files
test_rostopic,1.17.0-12-g2a12474fb-2025.03.31.10.30,https://github.com/ros-o/ros_comm/tree/obese-devel,success,test_rostopic_1.17.0-12-g2a12474fb-2025.03.31.10.30-bloom_generate.log,ros-one-test-rostopic_1.17.0-12-g2a12474fb-2025.03.31.10.30_arm64-2025-03-31T10:30:19Z.build,ros-one-test-rostopic_1.17.0-12-g2a12474fb-2025.03.31.10.30_arm64.deb,ros-one-test-rostopic_1.17.0-12-g2a12474fb-2025.03.31.10.30_arm64.files
diagnostic_aggregator,1.11.0-7-gda86650-2025.03.31.10.35,https://github.com/ros-o/diagnostics/tree/obese-devel,success,diagnostic_aggregator_1.11.0-7-gda86650-2025.03.31.10.35-bloom_generate.log,ros-one-diagnostic-aggregator_1.11.0-7-gda86650-2025.03.31.10.35_arm64-2025-03-31T10:35:46Z.build,ros-one-diagnostic-aggregator_1.11.0-7-gda86650-2025.03.31.10.35_arm64.deb,ros-one-diagnostic-aggregator_1.11.0-7-gda86650-2025.03.31.10.35_arm64.files
diagnostic_analysis,1.11.0-7-gda86650-2025.03.31.10.37,https://github.com/ros-o/diagnostics/tree/obese-devel,success,diagnostic_analysis_1.11.0-7-gda86650-2025.03.31.10.37-bloom_generate.log,ros-one-diagnostic-analysis_1.11.0-7-gda86650-2025.03.31.10.37_arm64-2025-03-31T10:37:57Z.build,ros-one-diagnostic-analysis_1.11.0-7-gda86650-2025.03.31.10.37_arm64.deb,ros-one-diagnostic-analysis_1.11.0-7-gda86650-2025.03.31.10.37_arm64.files
diagnostic_updater,1.11.0-7-gda86650-2025.03.31.10.39,https://github.com/ros-o/diagnostics/tree/obese-devel,success,diagnostic_updater_1.11.0-7-gda86650-2025.03.31.10.39-bloom_generate.log,ros-one-diagnostic-updater_1.11.0-7-gda86650-2025.03.31.10.39_arm64-2025-03-31T10:39:46Z.build,ros-one-diagnostic-updater_1.11.0-7-gda86650-2025.03.31.10.39_arm64.deb,ros-one-diagnostic-updater_1.11.0-7-gda86650-2025.03.31.10.39_arm64.files
diagnostic_common_diagnostics,1.11.0-7-gda86650-2025.03.31.10.41,https://github.com/ros-o/diagnostics/tree/obese-devel,success,diagnostic_common_diagnostics_1.11.0-7-gda86650-2025.03.31.10.41-bloom_generate.log,ros-one-diagnostic-common-diagnostics_1.11.0-7-gda86650-2025.03.31.10.41_arm64-2025-03-31T10:41:18Z.build,ros-one-diagnostic-common-diagnostics_1.11.0-7-gda86650-2025.03.31.10.41_arm64.deb,ros-one-diagnostic-common-diagnostics_1.11.0-7-gda86650-2025.03.31.10.41_arm64.files
diagnostics,1.11.0-7-gda86650-2025.03.31.10.42,https://github.com/ros-o/diagnostics/tree/obese-devel,success,diagnostics_1.11.0-7-gda86650-2025.03.31.10.42-bloom_generate.log,ros-one-diagnostics_1.11.0-7-gda86650-2025.03.31.10.42_arm64-2025-03-31T10:42:38Z.build,ros-one-diagnostics_1.11.0-7-gda86650-2025.03.31.10.42_arm64.deb,ros-one-diagnostics_1.11.0-7-gda86650-2025.03.31.10.42_arm64.files
rosdiagnostic,1.11.0-7-gda86650-2025.03.31.10.43,https://github.com/ros-o/diagnostics/tree/obese-devel,success,rosdiagnostic_1.11.0-7-gda86650-2025.03.31.10.43-bloom_generate.log,ros-one-rosdiagnostic_1.11.0-7-gda86650-2025.03.31.10.43_arm64-2025-03-31T10:43:37Z.build,ros-one-rosdiagnostic_1.11.0-7-gda86650-2025.03.31.10.43_arm64.deb,ros-one-rosdiagnostic_1.11.0-7-gda86650-2025.03.31.10.43_arm64.files
self_test,1.11.0-7-gda86650-2025.03.31.10.44,https://github.com/ros-o/diagnostics/tree/obese-devel,success,self_test_1.11.0-7-gda86650-2025.03.31.10.44-bloom_generate.log,ros-one-self-test_1.11.0-7-gda86650-2025.03.31.10.44_arm64-2025-03-31T10:44:43Z.build,ros-one-self-test_1.11.0-7-gda86650-2025.03.31.10.44_arm64.deb,ros-one-self-test_1.11.0-7-gda86650-2025.03.31.10.44_arm64.files
test_diagnostic_aggregator,1.11.0-7-gda86650-2025.03.31.10.46,https://github.com/ros-o/diagnostics/tree/obese-devel,success,test_diagnostic_aggregator_1.11.0-7-gda86650-2025.03.31.10.46-bloom_generate.log,ros-one-test-diagnostic-aggregator_1.11.0-7-gda86650-2025.03.31.10.46_arm64-2025-03-31T10:46:10Z.build,ros-one-test-diagnostic-aggregator_1.11.0-7-gda86650-2025.03.31.10.46_arm64.deb,ros-one-test-diagnostic-aggregator_1.11.0-7-gda86650-2025.03.31.10.46_arm64.files
actionlib,1.14.0-7-g792eeda-2025.03.31.10.35,https://github.com/ros-o/actionlib/tree/obese-devel,success,actionlib_1.14.0-7-g792eeda-2025.03.31.10.35-bloom_generate.log,ros-one-actionlib_1.14.0-7-g792eeda-2025.03.31.10.35_arm64-2025-03-31T10:35:25Z.build,ros-one-actionlib_1.14.0-7-g792eeda-2025.03.31.10.35_arm64.deb,ros-one-actionlib_1.14.0-7-g792eeda-2025.03.31.10.35_arm64.files
actionlib_tools,1.14.0-7-g792eeda-2025.03.31.10.37,https://github.com/ros-o/actionlib/tree/obese-devel,success,actionlib_tools_1.14.0-7-g792eeda-2025.03.31.10.37-bloom_generate.log,ros-one-actionlib-tools_1.14.0-7-g792eeda-2025.03.31.10.37_arm64-2025-03-31T10:37:01Z.build,ros-one-actionlib-tools_1.14.0-7-g792eeda-2025.03.31.10.37_arm64.deb,ros-one-actionlib-tools_1.14.0-7-g792eeda-2025.03.31.10.37_arm64.files
camera_calibration_parsers,1.12.0-9-g21aac6a-2025.03.31.10.38,https://github.com/ros-perception/image_common/tree/noetic-devel,success,camera_calibration_parsers_1.12.0-9-g21aac6a-2025.03.31.10.38-bloom_generate.log,ros-one-camera-calibration-parsers_1.12.0-9-g21aac6a-2025.03.31.10.38_arm64-2025-03-31T10:38:06Z.build,ros-one-camera-calibration-parsers_1.12.0-9-g21aac6a-2025.03.31.10.38_arm64.deb,ros-one-camera-calibration-parsers_1.12.0-9-g21aac6a-2025.03.31.10.38_arm64.files
image_common,1.12.0-9-g21aac6a-2025.03.31.10.40,https://github.com/ros-perception/image_common/tree/noetic-devel,success,image_common_1.12.0-9-g21aac6a-2025.03.31.10.40-bloom_generate.log,ros-one-image-common_1.12.0-9-g21aac6a-2025.03.31.10.40_arm64-2025-03-31T10:40:16Z.build,ros-one-image-common_1.12.0-9-g21aac6a-2025.03.31.10.40_arm64.deb,ros-one-image-common_1.12.0-9-g21aac6a-2025.03.31.10.40_arm64.files
image_transport,1.12.0-9-g21aac6a-2025.03.31.10.41,https://github.com/ros-perception/image_common/tree/noetic-devel,success,image_transport_1.12.0-9-g21aac6a-2025.03.31.10.41-bloom_generate.log,ros-one-image-transport_1.12.0-9-g21aac6a-2025.03.31.10.41_arm64-2025-03-31T10:41:15Z.build,ros-one-image-transport_1.12.0-9-g21aac6a-2025.03.31.10.41_arm64.deb,ros-one-image-transport_1.12.0-9-g21aac6a-2025.03.31.10.41_arm64.files
camera_info_manager,1.12.0-9-g21aac6a-2025.03.31.10.42,https://github.com/ros-perception/image_common/tree/noetic-devel,success,camera_info_manager_1.12.0-9-g21aac6a-2025.03.31.10.42-bloom_generate.log,ros-one-camera-info-manager_1.12.0-9-g21aac6a-2025.03.31.10.42_arm64-2025-03-31T10:42:57Z.build,ros-one-camera-info-manager_1.12.0-9-g21aac6a-2025.03.31.10.42_arm64.deb,ros-one-camera-info-manager_1.12.0-9-g21aac6a-2025.03.31.10.42_arm64.files
polled_camera,1.12.0-9-g21aac6a-2025.03.31.10.44,https://github.com/ros-perception/image_common/tree/noetic-devel,success,polled_camera_1.12.0-9-g21aac6a-2025.03.31.10.44-bloom_generate.log,ros-one-polled-camera_1.12.0-9-g21aac6a-2025.03.31.10.44_arm64-2025-03-31T10:44:50Z.build,ros-one-polled-camera_1.12.0-9-g21aac6a-2025.03.31.10.44_arm64.deb,ros-one-polled-camera_1.12.0-9-g21aac6a-2025.03.31.10.44_arm64.files
cv_bridge,1.16.2-2-gcfabf72-2025.03.31.10.35,https://github.com/ros-perception/vision_opencv/tree/noetic,success,cv_bridge_1.16.2-2-gcfabf72-2025.03.31.10.35-bloom_generate.log,ros-one-cv-bridge_1.16.2-2-gcfabf72-2025.03.31.10.35_arm64-2025-03-31T10:35:25Z.build,ros-one-cv-bridge_1.16.2-2-gcfabf72-2025.03.31.10.35_arm64.deb,ros-one-cv-bridge_1.16.2-2-gcfabf72-2025.03.31.10.35_arm64.files
image_geometry,1.16.2-2-gcfabf72-2025.03.31.10.38,https://github.com/ros-perception/vision_opencv/tree/noetic,success,image_geometry_1.16.2-2-gcfabf72-2025.03.31.10.38-bloom_generate.log,ros-one-image-geometry_1.16.2-2-gcfabf72-2025.03.31.10.38_arm64-2025-03-31T10:38:08Z.build,ros-one-image-geometry_1.16.2-2-gcfabf72-2025.03.31.10.38_arm64.deb,ros-one-image-geometry_1.16.2-2-gcfabf72-2025.03.31.10.38_arm64.files
opencv_tests,1.16.2-2-gcfabf72-2025.03.31.10.40,https://github.com/ros-perception/vision_opencv/tree/noetic,success,opencv_tests_1.16.2-2-gcfabf72-2025.03.31.10.40-bloom_generate.log,ros-one-opencv-tests_1.16.2-2-gcfabf72-2025.03.31.10.40_arm64-2025-03-31T10:40:20Z.build,ros-one-opencv-tests_1.16.2-2-gcfabf72-2025.03.31.10.40_arm64.deb,ros-one-opencv-tests_1.16.2-2-gcfabf72-2025.03.31.10.40_arm64.files
vision_opencv,1.16.2-2-gcfabf72-2025.03.31.10.41,https://github.com/ros-perception/vision_opencv/tree/noetic,success,vision_opencv_1.16.2-2-gcfabf72-2025.03.31.10.41-bloom_generate.log,ros-one-vision-opencv_1.16.2-2-gcfabf72-2025.03.31.10.41_arm64-2025-03-31T10:41:18Z.build,ros-one-vision-opencv_1.16.2-2-gcfabf72-2025.03.31.10.41_arm64.deb,ros-one-vision-opencv_1.16.2-2-gcfabf72-2025.03.31.10.41_arm64.files
